scenario,scenario_name,detect_time_bhs,detect_time_baseline,detect_time_pct_improvement,predict_lead_time_bhs,predict_lead_time_baseline,predict_lead_time_pct_improvement,localization_error_cells_bhs,localization_error_cells_baseline,localization_error_cells_pct_improvement,false_alarms_bhs,false_alarms_baseline,false_alarms_pct_improvement,rul_error_mean_abs_bhs,rul_error_mean_abs_baseline,rul_error_mean_abs_pct_improvement,damage_prevented_pct_bhs,damage_prevented_pct_baseline,damage_prevented_pct_pct_improvement,reaction_latency_bhs,reaction_latency_baseline,reaction_latency_pct_improvement,wallclock_per_step_ms_bhs,wallclock_per_step_ms_baseline,wallclock_per_step_ms_pct_improvement
A,Scenario A: Localized Thermal Fault,16.200000000000166,170.3000000000056,90.48737522019987,62.45000000000401,0.0,999.0,1.888042513144907,6.0,68.53262478091823,0,0,0.0,895.6796578112729,,,41.63170091437888,0.008296740686813098,41.623404173692066,6.600000000000094,0.0,,3.2545928160349527,0.39850261476304794,-716.7055109463092
B,Scenario B: Crack Initiation and Propagation,0.3999999999999959,,,20.0000000000002,,,7.937163409772623,,,0,0,0.0,4.922703502072126,,,2.721284174438443,0.0,2.721284174438443,0.0,,,3.2989346186319985,0.4776124954223633,-590.7136329661304
C,Scenario C: Mechanical Overload,0.4999999999999858,,,111.69999999999534,,,1.2130391227866313,,,0,0,0.0,,,,56.27763953990469,0.0,56.27763953990469,0.0,,,3.157089948654175,0.3728012243906657,-746.8561104686177
D,Scenario D: Combined Heat + Vibration + Stress Failure,4.849999999999991,,,42.54999999999758,,,1.759243390730981,,,0,0,0.0,769.7721382052509,,,24.75054904042348,0.0,24.75054904042348,0.0,,,3.2662382546593163,0.5140849422006046,-535.3499172097468
